Type	Word
county	종로구
county	중구
county	용산구
county	성동구
county	광진구
county	동대문구
county	중랑구
county	성북구
county	강북구
county	도봉구
county	노원구
county	은평구
county	서대문구
county	마포구
county	양천구
county	강서구
county	구로구
county	금천구
county	영등포구
county	동작구
county	관악구
county	서초구
county	강남구
county	송파구
county	강동구
county	중구
county	서구
county	동구
county	영도구
county	부산진구
county	동래구
county	남구
county	북구
county	강서구
county	해운대구
county	사하구
county	금정구
county	연제구
county	수영구
county	사상구
county	기장군
county	중구
county	동구
county	서구
county	남구
county	북구
county	수성구
county	달서구
county	달성군
county	중구
county	동구
county	남구
county	연수구
county	남동구
county	부평구
county	계양구
county	서구
county	강화군
county	옹진군
county	동구
county	서구
county	남구
county	북구
county	광산구
county	동구
county	중구
county	서구
county	유성구
county	대덕구
county	중구
county	남구
county	동구
county	북구
county	울주군
county	장안구
county	권선구
county	팔달구
county	영통구
county	수정구
county	중원구
county	분당구
county	만안구
county	동안구
county	상록구
county	단원구
county	처인구
county	기흥구
county	수지구
county	양평군
county	덕양구
county	일산동구
county	일산서구
county	연천군
county	가평군
county	홍천군
county	횡성군
county	영월군
county	평창군
county	정선군
county	철원군
county	화천군
county	양구군
county	인제군
county	고성군
county	양양군
county	상당구
county	서원구
county	흥덕구
county	청원구
county	보은군
county	옥천군
county	영동군
county	진천군
county	괴산군
county	음성군
county	단양군
county	증평군
county	동남구
county	서북구
county	금산군
county	부여군
county	서천군
county	청양군
county	홍성군
county	예산군
county	태안군
county	완산구
county	덕진구
county	완주군
county	진안군
county	무주군
county	장수군
county	임실군
county	순창군
county	고창군
county	부안군
county	담양군
county	곡성군
county	구례군
county	고흥군
county	보성군
county	화순군
county	장흥군
county	강진군
county	해남군
county	영암군
county	무안군
county	함평군
county	영광군
county	장성군
county	완도군
county	진도군
county	신안군
county	군위군
county	의성군
county	청송군
county	영양군
county	영덕군
county	청도군
county	고령군
county	성주군
county	칠곡군
county	예천군
county	봉화군
county	울진군
county	울릉군
county	의창구
county	성산구
county	마산합포구
county	마산회원구
county	진해구
county	의령군
county	함안군
county	창녕군
county	고성군
county	남해군
county	하동군
county	산청군
county	함양군
county	거창군
county	합천군
food	비스킷
food	웨이퍼
food	쿠키
food	크래커
food	한과류
food	스낵과자
food	사탕
food	캐러멜
food	양갱
food	젤리
food	식빵
food	케이크
food	카스텔라
food	도넛
food	피자
food	파이
food	핫도그
food	코코아매스
food	코코아버터
food	코코아분말
food	코코아가공품
food	초콜릿
food	스위트초콜릿
food	밀크초콜릿
food	패밀리밀크초콜릿
food	화이트초콜릿
food	준초콜릿
food	초콜릿가공품
food	마멀레이드
food	잼류
food	백설탕
food	갈색설탕
food	기타설탕
food	액상포도당
food	분말
food	결정포도당
food	액상과당
food	결정과당
food	기타과당
food	물엿
food	기타엿
food	덱스트린
food	프락토올리고당
food	이소말토올리고당
food	갈락토올리고당
food	말토올리고당
food	자일로올리고당
food	겐티오올리고당
food	기타올리고당
food	식육
food	알제품
food	식육가공품
food	알가공품
food	어묵
food	어육소시지
food	어육반제품
food	어육살
food	연육
food	어육가공품
food	두부
food	전두부
food	유바
food	가공두부
food	묵류
food	콩기름
food	옥수수기름
food	채종유
food	카놀라유
food	미강유
food	참기름
food	들기름
food	홍화유
food	잇꽃유
food	해바라기유
food	목화씨기름
food	땅콩기름
food	올리브유
food	팜유류
food	야자유
food	혼합식용유
food	가공유지
food	쇼트닝
food	마가린류
food	고추씨기름
food	향미유
food	식용유지
food	국수
food	냉면
food	당면
food	유탕면류
food	파스타류
food	면류
food	침출차
food	액상차
food	고형차
food	볶은커피
food	인스턴트커피
food	조제커피
food	액상커피
food	농축과.채즙
food	과.채주스
food	과.채음료
food	탄산음료
food	탄산수
food	두유액
food	두유
food	분말두유
food	유산균음료
food	효모음료
food	기타발효음료
food	혼합음료
food	음료베이스
food	환자용
food	균형영양식
food	당뇨환자용
food	신장질환자용
food	장질환자용
food	가수분해
food	열량
food	영양공급용
food	의료용도식품
food	선천성
food	대사질환자용
food	영유아용
food	특수조제식품
food	연하곤란환잔용
food	점도증신식품
food	메주
food	한식간장
food	양조간장
food	산분해간장
food	효소분해간장
food	혼합간장
food	한식된장
food	된장
food	조미된장
food	고추장
food	조미고추장
food	춘장
food	청국장
food	혼합장
food	기타장류
food	발효식품
food	희석초산
food	기타식초
food	카레분
food	카레
food	고춧가루
food	실고추
food	천연향신료
food	향신료조제품
food	드레싱
food	마요네즈
food	김칫속
food	배추김치
food	기타김치
food	젓갈
food	양념젓갈
food	액젓
food	조미액젓
food	식해류
food	절임류
food	당절임
food	농산물조림
food	수산물조림
food	축산물조림
food	조미건어포류
food	건어포류
food	건포류
food	탕콩버터
food	땅콩
food	견과류가공품
food	전분
food	기타전분
food	벌집꿀
food	벌꿀
food	추출식품
food	추출가공식품
food	천일염
food	재제소금
food	태움용융소금
food	정제소금
food	기타소금
food	가공소금
food	밀가루
food	영양강화
food	밀가루
food	밀가루
food	생식제품
food	생식함유제품
food	식용얼음
food	어업용얼음
food	즉석섭취식품
food	즉석조리식품
food	신선편의식품
food	버섯자실체가공식품
food	버섯균사체가공식품
food	자라분말
food	자라분말제품
food	자라유제품
food	건조효모
food	건조효모제품
food	효모추출물제품
food	곡류효소함유제품
food	배아효소함유제품
food	과.채류효소함유제품
food	가공화분
food	화분추출물
food	화분제품
food	화분추출물제품
food	생로얄젤리
food	동결건조로얄젤리
food	보리
food	메밀
food	수수
food	옥수수
food	귀리
food	호밀
food	율무
food	퀴노아
food	트리티케일
food	감자
food	고구마
food	토란
food	카사바
food	곤약
food	대두
food	녹두
food	완두
food	강낭콩
food	잠두
food	피전피
food	리마콩
food	이집트콩
food	그린콩
food	렌즈콩
food	작두콩
food	호두
food	땅콩
food	아몬드
food	피칸
food	케슈너트
food	개암
food	마카다미아
food	피스타치오
food	도토리
food	참깨
food	면실
food	해바라기씨
food	호박씨
food	들깨
food	올리브
food	달맞이꽃씨
food	목화씨
food	유채
food	홍화씨
food	커피원두
food	카카오원두
food	콜라
food	너트
food	과라나
food	사과
food	모과
food	석류
food	감귤
food	오렌지
food	자몽
food	레몬
food	유자
food	라임
food	금귤
food	탱자
food	시트론
food	복숭아
food	대추
food	살구
food	자두
food	매실
food	체리
food	앵두
food	산수유
food	오미자
food	포도
food	딸기
food	무화과
food	오디
food	월귤
food	커런트
food	베리
food	구기자
food	머루
food	복분자
food	나무딸기
food	으름
food	바나나
food	파인애플
food	키위
food	아보카도
food	파파야
food	대추야자
food	망고
food	구아바
food	코코넛
food	리치
food	프루트
food	두리안
food	망고스틴
food	배추
food	양배추
food	브로콜리
food	엇갈이배추
food	봄동
food	상추
food	양상추
food	시금치
food	들깻잎
food	쑥갓
food	아욱
food	근대
food	머위
food	취나물
food	고춧잎
food	참나물
food	케일
food	청경채
food	냉이
food	치커리
food	앤디브
food	파슬리
food	호박잎
food	신선초
food	고추냉이
food	비름나물
food	씀바귀
food	우엉잎
food	겨자채
food	뉴그린
food	다청채
food	당귀잎
food	둥글레
food	부추
food	미나리
food	고구마줄기
food	토란줄기
food	고사리
food	아스파라거스
food	셀러리
food	죽순
food	콜라비
food	원추리
food	두릅
food	달래
food	고비
food	풋마늘
food	돌나물
food	락교
food	양파
food	마늘
food	당근
food	생강
food	연근
food	우엉
food	도라지
food	더덕
food	비트
food	순무
food	파스닢
food	야콘
food	고추냉이
food	치커리
food	인삼
food	둥글레
food	오이
food	호박
food	참외
food	수박
food	멜론
food	서양호박
food	토마토
food	방울토마토
food	고추
food	피망
food	오크라
food	풋콩
food	느타리버섯
food	송이버섯
food	표고버섯
food	양송이
food	싸리버섯
food	팽이버섯
food	목이버섯
food	영지버섯
food	새송이버섯
food	목질진흙버섯
food	갓버섯
food	나도팽나무버섯
food	황금뿔나팔버섯
food	신령버섯
food	석이버섯
food	겨자
food	계지
food	계피
food	고수열매
food	고추냉이
food	로즈마리
food	몰약
food	바질
food	박하
food	백리향
food	사프란
food	산초
food	서양박하
food	월계잎
food	육두구
food	정향
food	차조기
food	회향
food	후추
food	쿠민
food	카퍼
food	강황
food	심황
food	소두구
food	호프
food	갈래곰보
food	갈파래
food	곰피
food	꼬시래기
food	다시마
food	돌가사리
food	둥근돌김
food	뜸부기
food	매생이
food	모자반
food	미역
food	불등가사리
food	석묵
food	스피루리나
food	우뭇가사리
food	진두발
food	청각
food	클로렐라
food	파래
food	사탕수수
food	단수수
food	결명자
food	마테
food	쟈스민
food	돌외잎
food	마타리
food	물방기
food	질경이
food	참나리
food	소고기
food	돼지고기
food	양고기
food	염소고기
food	토끼고기
food	말고기
food	사슴고기
food	닭고기
food	꿩고기
food	오리고기
food	거위고기
food	칠면조고기
food	메추리고기
food	우유
food	산양유
food	계란
food	오리알
food	메추리알
food	닭알
food	달걀
food	가물치
food	메기
food	미꾸라지
food	붕어
food	빙어
food	쏘가리
food	잉어
food	참붕어
food	칠성장어
food	향어
food	송어
food	연어
food	은어
food	뱀장어
food	가오리
food	가자미
food	갈치
food	강달이
food	고등어
food	꽁치
food	날치
food	넙치
food	노래미
food	농어
food	다랑어
food	도루묵
food	도미
food	망둥어
food	멸치
food	명태
food	민어
food	박대
food	방어
food	밴댕이
food	뱅어
food	병어
food	복어
food	볼기우럭
food	조피볼락
food	볼락
food	붕장어
food	삼치
food	서대
food	숭어
food	쌍동가리
food	양미리
food	은대구
food	임연수어
food	전갱이
food	전어
food	정어리
food	조기
food	준치
food	쥐치
food	청어
food	홍어
food	심해성어류
food	쏨뱅이류
food	연안성어종
food	금눈돔
food	칠성상어
food	얼룩상어
food	악상어
food	청상아리
food	곱상어
food	귀상어
food	은상어
food	청새리상어
food	흑기흉상어
food	다금바리
food	체장메기
food	블랙오레오도리
food	niger
food	maculatus
food	오렌지라피
food	atlanticus
food	붉평치
food	먹장어
food	흑점샛돔
food	비막치어
food	은민대구
food	한함
food	다랑어류
food	새치류
food	참다랑어
food	남방참다랑어
food	날개다랑어
food	눈다랑어
food	황다랑어
food	돛새치
food	청새치
food	녹새치
food	백새치
food	황새치
food	백다랑어
food	가다랑어
food	점다랑어
food	몽치다래
food	물치다래
food	새우
food	바닷가재
food	가재
food	방게
food	크릴
food	패류
food	홍합
food	꼬막
food	재첩
food	소라
food	고둥
food	대합
food	전복
food	바지락
food	두족류
food	문어
food	오징어
food	낙지
food	갑오징어
food	꼴뚜기
food	주꾸미
food	연체류
food	개불
food	군소
food	해파리
food	성게
food	해삼
food	멍게
food	미더덕
food	주름미더덕
food	식용자라
food	식용개구리
food	식용달팽이
chemical	이민옥타딘
chemical	글루포시네이트
chemical	글리포세이트
chemical	나프로파마이드
chemical	노르풀루라존
chemical	니트라피린
chemical	다미노자이드
chemical	다이아지논
chemical	델타메쓰린
chemical	도딘
chemical	멥틸디노캡
chemical	디디티
chemical	디메치핀
chemical	디메토에이트
chemical	디설포톤
chemical	디우론
chemical	디메칠디치오카바메이트
chemical	디캄바
chemical	디코폴
chemical	디쿼트
chemical	디크로보스
chemical	디크로프루아니드
chemical	디클로란
chemical	디클로베닐
chemical	디클로포프-메칠
chemical	디페노코나졸
chemical	디페닐아민
chemical	디펜아미드
chemical	디프루벤주론
chemical	리누론
chemical	마이클로부타닐
chemical	말라치온
chemical	말레익하이드라자이드
chemical	메빈포스
chemical	메소밀
chemical	메치오카브
chemical	메카밤
chemical	메타락실
chemical	메타미도포스
chemical	메토라클로르
chemical	메토브로무론
chemical	메토프렌
chemical	메톡시클로르
chemical	메트리부진
chemical	메티다치온
chemical	메틸브로마이드
chemical	모노크로토포스
chemical	바미도티온
chemical	바이오레스메스린
chemical	베나락실
chemical	베노밀
chemical	벤디오카브
chemical	벤설프론-메칠
chemical	벤타존
chemical	부프로페진
chemical	브로마실
chemical	브로모프로필레이트
chemical	비 에치 씨
chemical	비터타놀
chemical	비페녹스
chemical	비펜스린
chemical	빈클로졸린
chemical	세톡시딤
chemical	시마진
chemical	싸이로마진
chemical	싸이퍼메쓰린
chemical	싸이플루쓰린
chemical	싸이할로쓰린
chemical	싸이헥사틴
chemical	아닐라진
chemical	아미트라즈
chemical	아세토클로르
chemical	아세페이트
chemical	아조싸이클로틴
chemical	아진포스-메틸
chemical	알드린 및 디엘드린
chemical	알디카브
chemical	알라클로르
chemical	알루미늄포스파이드
chemical	에디펜포스
chemical	에세폰
chemical	에치오펜카브
chemical	에치온
chemical	에탈풀루라린
chemical	에토펜프록스
chemical	에토프로포스
chemical	에톡시퀸
chemical	에트림포스
chemical	에틸렌디브로마이드
chemical	엔도설판
chemical	엔드린
chemical	엠씨피비
chemical	오메토에이트
chemical	옥사디아존
chemical	옥사딕실
chemical	옥사밀
chemical	옥시풀루오르펜
chemical	올쏘-페닐페놀
chemical	이마자릴
chemical	이미다크로프리드
chemical	이산화황
chemical	이소펜포스
chemical	이소프로카브
chemical	이프로디온
chemical	이피엔
chemical	치노메치오네이트
chemical	치오메톤
chemical	치오파네이트-메틸
chemical	카두사포스
chemical	카바릴
chemical	카벤다짐
chemical	카보페노치온
chemical	카보후란
chemical	카복신
chemical	칼탑
chemical	캡타폴
chemical	캡탄
chemical	퀴자로포프-에틸
chemical	퀸토젠
chemical	크레소딤
chemical	크로마존
chemical	크로펜테진
chemical	클로로벤질레이트
chemical	클로로타로닐
chemical	클로르단
chemical	클로르메쿼트
chemical	클로르설프론
chemical	클로르펜빈포스
chemical	클로르프로팜
chemical	클로르피리포스
chemical	클로르피리포스-메틸
chemical	터부코나졸
chemical	터부트린
chemical	터브포스
chemical	테크나젠
chemical	테트라디폰
chemical	토릴플루아니드
chemical	톨크로포스-메칠
chemical	트라로메스린
chemical	트리아디메놀
chemical	트리아디메폰
chemical	트리아조포스
chemical	트리알레이트
chemical	트리클로폰
chemical	트리클로피르
chemical	트리포린
chemical	트리풀루라린
chemical	트리프루미졸
chemical	티아벤다졸
chemical	티오디카브
chemical	티오벤카브
chemical	파라치온
chemical	파라쿼트
chemical	파라티온-메틸
chemical	파클로부트라졸
chemical	퍼메쓰린
chemical	페나리몰
chemical	페나미포스
chemical	페노트린
chemical	페녹사프로프-에칠
chemical	페니트로치온
chemical	펜디메타린
chemical	펜발러레이트
chemical	펜부코나졸
chemical	펜부타틴 옥사이드
chemical	펜설포티온
chemical	펜치온
chemical	펜코나졸
chemical	펜토에이트
chemical	펜프로파스린
chemical	펜틴
chemical	포레이트
chemical	포모치온
chemical	포사론
chemical	포스메트
chemical	포스파미돈
chemical	폭심
chemical	폴펫
chemical	푸루실라졸
chemical	푸르발리네이트
chemical	푸르시트리네이트
chemical	풀루아지호프-부틸
chemical	프로메트린
chemical	프로시미돈
chemical	프로클로라즈
chemical	프로파닐
chemical	프로파모카브
chemical	프로파자이트
chemical	프로페노포스
chemical	프로폭서
chemical	프로피코나졸
chemical	피라조포스
chemical	피레쓰린
chemical	피리미카브
chemical	피리미포스-메틸
chemical	피리미포스-에틸
chemical	피페로닐부톡사이드
chemical	헥사지논
chemical	헥사코나졸
chemical	헥시치아족스
chemical	헵타크로
chemical	벤푸라카브
chemical	이소프로치오란
chemical	이프로벤포스
chemical	클로르훼나피르
chemical	테부페노자이드
chemical	테부펜피라드
chemical	테프루벤주론
chemical	페나자퀸
chemical	프로치오포스
chemical	플루페녹수론
chemical	피라크로포스
chemical	피리다벤
chemical	피프로닐
chemical	훼노부카브
chemical	디메칠빈포스
chemical	디메토모르프
chemical	디아펜치우론
chemical	디에토펜카브
chemical	디치아논
chemical	메파니피림
chemical	벤설탑
chemical	싸이목사닐
chemical	싸이프로디닐
chemical	싸이프로코나졸
chemical	아세타미프리드
chemical	아족시스트로빈
chemical	카프로파마이드
chemical	크레속심-메칠
chemical	클로르플루아주론
chemical	트리싸이클라졸
chemical	펜시쿠론
chemical	펜피록시메이트
chemical	포스치아제이트
chemical	피리프록시펜
chemical	피메트로진
chemical	후루디옥소닐
chemical	후루아지남
chemical	훼녹시카브
chemical	누아리몰
chemical	루페누론
chemical	메타벤즈티아주론
chemical	메프로닐
chemical	벤퓨러세이트
chemical	스피노사드
chemical	실라프루오펜
chemical	아바멕틴
chemical	에마멕틴 벤조에이트
chemical	에스프로카브
chemical	에톡사졸
chemical	오리자린
chemical	이미벤코나졸
chemical	카보설판
chemical	파목사돈
chemical	플루오로이미드
chemical	플루퀸코나졸
chemical	피리다펜치온
chemical	피리메타닐
chemical	할펜프록스
chemical	할록시포프
chemical	헥사프루무론
chemical	훼노치오카브
chemical	다이므론
chemical	디메텐아미드
chemical	디치오피르
chemical	디클로르프로프
chemical	디메타메트린
chemical	메톨카브
chemical	메페나셑
chemical	메피쿼트 클로라이드
chemical	몰리네이트
chemical	밀베멕틴
chemical	벤족시메이트
chemical	부타클로르
chemical	비스피리박-소디움
chemical	싸이클로설파무론
chemical	싸이클로프로스린
chemical	싸이할로포프-부틸
chemical	씨노설푸론
chemical	씨메트린
chemical	아닐로포스
chemical	아시벤졸라-에스-메칠
chemical	아짐설푸론
chemical	아크리나쓰린
chemical	에트리디아졸
chemical	이나벤화이드
chemical	이마조설푸론
chemical	이사조포스
chemical	인독사카브
chemical	족사마이드
chemical	퀸크로락
chemical	클로로페녹시아세테이트
chemical	터부틸라진
chemical	테닐클로르
chemical	테클로프탈람
chemical	테트라코나졸
chemical	티아조피르
chemical	티프루자마이드
chemical	펜톡사존
chemical	펜헥사미드
chemical	포세틸-알루미늄
chemical	포클로르페누론
chemical	프로베나졸
chemical	프로파퀴자포프
chemical	프리틸라클로르
chemical	프탈리드
chemical	플루설파마이드
chemical	플루토라닐
chemical	플루페나셑
chemical	피라조설푸론-에칠
chemical	피라족시펜
chemical	피로퀼론
chemical	피리미노박-메칠
chemical	피리미디펜
chemical	피리부티카브
chemical	하이멕사졸
chemical	할로설푸론-메칠
chemical	니코설푸론
chemical	다조멭
chemical	디노테푸란
chemical	디메피퍼레이트
chemical	보스칼리드
chemical	비페나제이트
chemical	시아조파미드
chemical	아세퀴노실
chemical	오리사스트로빈
chemical	에톡시설푸론
chemical	옥사지크로메폰
chemical	인다노판
chemical	카펜트라존-에칠
chemical	크로치아니딘
chemical	테부피림포스
chemical	트리넥사팍-에칠
chemical	트리프록시스트로빈
chemical	티디아주론
chemical	티아메톡삼
chemical	티아클로프리드
chemical	티오싸이크람
chemical	페녹사닐
chemical	펜트라자마이드
chemical	플루미옥사진
chemical	플러옥시피르
chemical	피라졸레이트
chemical	피라크로스트로빈
chemical	피라플루펜-에칠
chemical	피리프탈리드
chemical	나밤
chemical	노발루론
chemical	마네브
chemical	만코제브
chemical	메톡시페노자이드
chemical	메트코나졸
chemical	메티람
chemical	스피로디크로펜
chemical	에타복삼
chemical	에틸렌비스디치오카바메이트
chemical	이프로발리카브
chemical	지네브
chemical	지람
chemical	테플루스린
chemical	트리아자메이트
chemical	티람
chemical	티아디닐
chemical	페나미돈
chemical	퍼밤
chemical	푸라치오카브
chemical	프로피네브
chemical	프로피소클로르
chemical	벤티아발리카브아이소프로필
chemical	디니코나졸
chemical	메코프로프-피
chemical	스피로메시펜
chemical	알라니카브
chemical	오푸레이스
chemical	트리풀루무론
chemical	치펜설푸론-메칠
chemical	페림존
chemical	풀루아크리피림
chemical	피리다릴
chemical	벤질 아미노퓨린
chemical	벤조비사이클론
chemical	카펜스트롤
chemical	사이플루페나미드
chemical	펜클로림
chemical	플로니카미드
chemical	플루세토설퓨론
chemical	시안화 수소
chemical	페녹슐람
chemical	시메코나졸
chemical	만디프로파미드
chemical	메소트리온
chemical	메트알데히드
chemical	비스트리플루론
chemical	플루오피콜라이드
chemical	에티클로제이트
chemical	옥사디아길
chemical	퀴날포스
chemical	사이플루메토펜
chemical	피리벤족심
chemical	디비이디시
chemical	메타미포프
chemical	메타플루미존
chemical	메트라페논
chemical	사이에노피라펜
chemical	브로모뷰타이드
chemical	이소티아닐
chemical	스피네토람
chemical	아미설브롬
chemical	옥솔린산
chemical	오르토설파뮤론
chemical	엠시피에이
chemical	퀴노클라민
chemical	퀸메락
chemical	크로마페노자이드
chemical	클로란트라닐리프롤
chemical	플루벤디아마이드
chemical	피페로포스
chemical	프로헥사디온-칼슘
chemical	린단
chemical	레피멕틴
chemical	펜티오피라드
chemical	피콕시스트로빈
chemical	피리플루퀴나존
chemical	피리미설판
chemical	아메톡트라딘
chemical	이미시아포스
chemical	플루오피람
chemical	메타조설푸론
chemical	설폭사플로르
chemical	이소피라잠
bio	요오드
bio	세슘
bio	플루토늄
bio	스트론튬
bio	방사능
bio	방사선
bio	피폭
bio	후쿠시마
germy	대장균
germy	장염비브리오균
germy	황색포도상구균
germy	살모넬라
germy	바실러스 세레우스
germy	리스테리아 모노사이토제네스
germy	클로스트리디움 퍼프린젠스
germy	여시니아 엔테로콜리티카
germy	캠필로박터 제주니
germy	사카자키
germy	쉬겔라
germy	브루셀라
germy	결핵균
germy	탄저균
germy	노로바이러스
germy	람블편모충
germy	원포자충
germy	작은와포자충
germy	이질아메바
germy	쿠도아
city	서울특별시
city	부산광역시
city	인천광역시
city	대구광역시
city	대전광역시
city	광주광역시
city	수원시
city	울산광역시
city	창원시
city	고양시
city	용인시
city	성남시
city	부천시
city	청주시
city	안산시
city	전주시
city	천안시
city	남양주시
city	화성시
city	안양시
city	김해시
city	포항시
city	평택시
city	제주시
city	시흥시
city	의정부시
city	구미시
city	파주시
city	김포시
city	진주시
city	광명시
city	원주시
city	아산시
city	광주시
city	익산시
city	양산시
city	군포시
city	춘천시
city	경산시
city	군산시
city	여수시
city	순천시
city	경주시
city	거제시
city	목포시
city	강릉시
city	오산시
city	충주시
city	이천시
city	양주시
city	세종특별자치시
city	안성시
city	구리시
city	서산시
city	안동시
city	당진시
city	포천시
city	의왕시
city	하남시
city	서귀포시
city	광양시
city	김천시
city	통영시
city	제천시
city	논산시
city	공주시
city	사천시
city	정읍시
city	여주시
city	영주시
city	밀양시
city	보령시
city	상주시
city	영천시
city	동두천시
city	나주시
city	동해시
city	김제시
city	남원시
city	속초시
city	문경시
city	삼척시
city	과천시
city	태백시
city	계룡시
