category	word
county	종로구
county	중구
county	용산구
county	성동구
county	광진구
county	동대문구
county	중랑구
county	성북구
county	강북구
county	도봉구
county	노원구
county	은평구
county	서대문구
county	마포구
county	양천구
county	강서구
county	구로구
county	금천구
county	영등포구
county	동작구
county	관악구
county	서초구
county	강남구
county	송파구
county	강동구
county	중구
county	서구
county	동구
county	영도구
county	부산진구
county	동래구
county	남구
county	북구
county	강서구
county	해운대구
county	사하구
county	금정구
county	연제구
county	수영구
county	사상구
county	기장군
county	중구
county	동구
county	서구
county	남구
county	북구
county	수성구
county	달서구
county	달성군
county	중구
county	동구
county	남구
county	연수구
county	남동구
county	부평구
county	계양구
county	서구
county	강화군
county	옹진군
county	동구
county	서구
county	남구
county	북구
county	광산구
county	동구
county	중구
county	서구
county	유성구
county	대덕구
county	중구
county	남구
county	동구
county	북구
county	울주군
county	장안구
county	권선구
county	팔달구
county	영통구
county	수정구
county	중원구
county	분당구
county	만안구
county	동안구
county	상록구
county	단원구
county	처인구
county	기흥구
county	수지구
county	양평군
county	덕양구
county	일산동구
county	일산서구
county	연천군
county	가평군
county	홍천군
county	횡성군
county	영월군
county	평창군
county	정선군
county	철원군
county	화천군
county	양구군
county	인제군
county	고성군
county	양양군
county	상당구
county	서원구
county	흥덕구
county	청원구
county	보은군
county	옥천군
county	영동군
county	진천군
county	괴산군
county	음성군
county	단양군
county	증평군
county	동남구
county	서북구
county	금산군
county	부여군
county	서천군
county	청양군
county	홍성군
county	예산군
county	태안군
county	완산구
county	덕진구
county	완주군
county	진안군
county	무주군
county	장수군
county	임실군
county	순창군
county	고창군
county	부안군
county	담양군
county	곡성군
county	구례군
county	고흥군
county	보성군
county	화순군
county	장흥군
county	강진군
county	해남군
county	영암군
county	무안군
county	함평군
county	영광군
county	장성군
county	완도군
county	진도군
county	신안군
county	군위군
county	의성군
county	청송군
county	영양군
county	영덕군
county	청도군
county	고령군
county	성주군
county	칠곡군
county	예천군
county	봉화군
county	울진군
county	울릉군
county	의창구
county	성산구
county	마산합포구
county	마산회원구
county	진해구
county	의령군
county	함안군
county	창녕군
county	고성군
county	남해군
county	하동군
county	산청군
county	함양군
county	거창군
county	합천군
ingredient	비스킷
ingredient	웨이퍼
ingredient	쿠키
ingredient	크래커
ingredient	한과류
ingredient	스낵과자
ingredient	사탕
ingredient	캐러멜
ingredient	양갱
ingredient	젤리
ingredient	식빵
ingredient	케이크
ingredient	카스텔라
ingredient	도넛
ingredient	피자
ingredient	파이
ingredient	핫도그
ingredient	코코아매스
ingredient	코코아버터
ingredient	코코아분말
ingredient	코코아가공품
ingredient	초콜릿
ingredient	스위트초콜릿
ingredient	밀크초콜릿
ingredient	패밀리밀크초콜릿
ingredient	화이트초콜릿
ingredient	준초콜릿
ingredient	초콜릿가공품
ingredient	마멀레이드
ingredient	잼류
ingredient	백설탕
ingredient	갈색설탕
ingredient	기타설탕
ingredient	액상포도당
ingredient	분말
ingredient	결정포도당
ingredient	액상과당
ingredient	결정과당
ingredient	기타과당
ingredient	물엿
ingredient	기타엿
ingredient	덱스트린
ingredient	프락토올리고당
ingredient	이소말토올리고당
ingredient	갈락토올리고당
ingredient	말토올리고당
ingredient	자일로올리고당
ingredient	겐티오올리고당
ingredient	기타올리고당
ingredient	식육
ingredient	알제품
ingredient	식육가공품
ingredient	알가공품
ingredient	어묵
ingredient	어육소시지
ingredient	어육반제품
ingredient	어육살
ingredient	연육
ingredient	어육가공품
ingredient	두부
ingredient	전두부
ingredient	유바
ingredient	가공두부
ingredient	묵류
ingredient	콩기름
ingredient	옥수수기름
ingredient	채종유
ingredient	카놀라유
ingredient	미강유
ingredient	참기름
ingredient	들기름
ingredient	홍화유
ingredient	잇꽃유
ingredient	해바라기유
ingredient	목화씨기름
ingredient	땅콩기름
ingredient	올리브유
ingredient	팜유류
ingredient	야자유
ingredient	혼합식용유
ingredient	가공유지
ingredient	쇼트닝
ingredient	마가린류
ingredient	고추씨기름
ingredient	향미유
ingredient	식용유지
ingredient	국수
ingredient	냉면
ingredient	당면
ingredient	유탕면류
ingredient	파스타류
ingredient	면류
ingredient	침출차
ingredient	액상차
ingredient	고형차
ingredient	볶은커피
ingredient	인스턴트커피
ingredient	조제커피
ingredient	액상커피
ingredient	농축과.채즙
ingredient	과.채주스
ingredient	과.채음료
ingredient	탄산음료
ingredient	탄산수
ingredient	두유액
ingredient	두유
ingredient	분말두유
ingredient	유산균음료
ingredient	효모음료
ingredient	기타발효음료
ingredient	혼합음료
ingredient	음료베이스
ingredient	환자용
ingredient	균형영양식
ingredient	당뇨환자용
ingredient	신장질환자용
ingredient	장질환자용
ingredient	가수분해
ingredient	열량
ingredient	영양공급용
ingredient	의료용도식품
ingredient	선천성
ingredient	대사질환자용
ingredient	영유아용
ingredient	특수조제식품
ingredient	연하곤란환잔용
ingredient	점도증신식품
ingredient	메주
ingredient	한식간장
ingredient	양조간장
ingredient	산분해간장
ingredient	효소분해간장
ingredient	혼합간장
ingredient	한식된장
ingredient	된장
ingredient	조미된장
ingredient	고추장
ingredient	조미고추장
ingredient	춘장
ingredient	청국장
ingredient	혼합장
ingredient	기타장류
ingredient	발효식품
ingredient	희석초산
ingredient	기타식초
ingredient	카레분
ingredient	카레
ingredient	고춧가루
ingredient	실고추
ingredient	천연향신료
ingredient	향신료조제품
ingredient	드레싱
ingredient	마요네즈
ingredient	김칫속
ingredient	배추김치
ingredient	기타김치
ingredient	젓갈
ingredient	양념젓갈
ingredient	액젓
ingredient	조미액젓
ingredient	식해류
ingredient	절임류
ingredient	당절임
ingredient	농산물조림
ingredient	수산물조림
ingredient	축산물조림
ingredient	조미건어포류
ingredient	건어포류
ingredient	건포류
ingredient	탕콩버터
ingredient	땅콩
ingredient	견과류가공품
ingredient	전분
ingredient	기타전분
ingredient	벌집꿀
ingredient	벌꿀
ingredient	추출식품
ingredient	추출가공식품
ingredient	천일염
ingredient	재제소금
ingredient	태움용융소금
ingredient	정제소금
ingredient	기타소금
ingredient	가공소금
ingredient	밀가루
ingredient	영양강화
ingredient	밀가루
ingredient	밀가루
ingredient	생식제품
ingredient	생식함유제품
ingredient	식용얼음
ingredient	어업용얼음
ingredient	즉석섭취식품
ingredient	즉석조리식품
ingredient	신선편의식품
ingredient	버섯자실체가공식품
ingredient	버섯균사체가공식품
ingredient	자라분말
ingredient	자라분말제품
ingredient	자라유제품
ingredient	건조효모
ingredient	건조효모제품
ingredient	효모추출물제품
ingredient	곡류효소함유제품
ingredient	배아효소함유제품
ingredient	과.채류효소함유제품
ingredient	가공화분
ingredient	화분추출물
ingredient	화분제품
ingredient	화분추출물제품
ingredient	생로얄젤리
ingredient	동결건조로얄젤리
ingredient	보리
ingredient	메밀
ingredient	수수
ingredient	옥수수
ingredient	귀리
ingredient	호밀
ingredient	율무
ingredient	퀴노아
ingredient	트리티케일
ingredient	감자
ingredient	고구마
ingredient	토란
ingredient	카사바
ingredient	곤약
ingredient	대두
ingredient	녹두
ingredient	완두
ingredient	강낭콩
ingredient	잠두
ingredient	피전피
ingredient	리마콩
ingredient	이집트콩
ingredient	그린콩
ingredient	렌즈콩
ingredient	작두콩
ingredient	호두
ingredient	땅콩
ingredient	아몬드
ingredient	피칸
ingredient	케슈너트
ingredient	개암
ingredient	마카다미아
ingredient	피스타치오
ingredient	도토리
ingredient	참깨
ingredient	면실
ingredient	해바라기씨
ingredient	호박씨
ingredient	들깨
ingredient	올리브
ingredient	달맞이꽃씨
ingredient	목화씨
ingredient	유채
ingredient	홍화씨
ingredient	커피원두
ingredient	카카오원두
ingredient	콜라
ingredient	너트
ingredient	과라나
ingredient	사과
ingredient	모과
ingredient	석류
ingredient	감귤
ingredient	오렌지
ingredient	자몽
ingredient	레몬
ingredient	유자
ingredient	라임
ingredient	금귤
ingredient	탱자
ingredient	시트론
ingredient	복숭아
ingredient	대추
ingredient	살구
ingredient	자두
ingredient	매실
ingredient	체리
ingredient	앵두
ingredient	산수유
ingredient	오미자
ingredient	포도
ingredient	딸기
ingredient	무화과
ingredient	오디
ingredient	월귤
ingredient	커런트
ingredient	베리
ingredient	구기자
ingredient	머루
ingredient	복분자
ingredient	나무딸기
ingredient	으름
ingredient	바나나
ingredient	파인애플
ingredient	키위
ingredient	아보카도
ingredient	파파야
ingredient	대추야자
ingredient	망고
ingredient	구아바
ingredient	코코넛
ingredient	리치
ingredient	프루트
ingredient	두리안
ingredient	망고스틴
ingredient	배추
ingredient	양배추
ingredient	브로콜리
ingredient	엇갈이배추
ingredient	봄동
ingredient	상추
ingredient	양상추
ingredient	시금치
ingredient	들깻잎
ingredient	쑥갓
ingredient	아욱
ingredient	근대
ingredient	머위
ingredient	취나물
ingredient	고춧잎
ingredient	참나물
ingredient	케일
ingredient	청경채
ingredient	냉이
ingredient	치커리
ingredient	앤디브
ingredient	파슬리
ingredient	호박잎
ingredient	신선초
ingredient	고추냉이
ingredient	비름나물
ingredient	씀바귀
ingredient	우엉잎
ingredient	겨자채
ingredient	뉴그린
ingredient	다청채
ingredient	당귀잎
ingredient	둥글레
ingredient	부추
ingredient	미나리
ingredient	고구마줄기
ingredient	토란줄기
ingredient	고사리
ingredient	아스파라거스
ingredient	셀러리
ingredient	죽순
ingredient	콜라비
ingredient	원추리
ingredient	두릅
ingredient	달래
ingredient	고비
ingredient	풋마늘
ingredient	돌나물
ingredient	락교
ingredient	양파
ingredient	마늘
ingredient	당근
ingredient	생강
ingredient	연근
ingredient	우엉
ingredient	도라지
ingredient	더덕
ingredient	비트
ingredient	순무
ingredient	파스닢
ingredient	야콘
ingredient	고추냉이
ingredient	치커리
ingredient	인삼
ingredient	둥글레
ingredient	오이
ingredient	호박
ingredient	참외
ingredient	수박
ingredient	멜론
ingredient	서양호박
ingredient	토마토
ingredient	방울토마토
ingredient	고추
ingredient	피망
ingredient	오크라
ingredient	풋콩
ingredient	느타리버섯
ingredient	송이버섯
ingredient	표고버섯
ingredient	양송이
ingredient	싸리버섯
ingredient	팽이버섯
ingredient	목이버섯
ingredient	영지버섯
ingredient	새송이버섯
ingredient	목질진흙버섯
ingredient	갓버섯
ingredient	나도팽나무버섯
ingredient	황금뿔나팔버섯
ingredient	신령버섯
ingredient	석이버섯
ingredient	겨자
ingredient	계지
ingredient	계피
ingredient	고수열매
ingredient	고추냉이
ingredient	로즈마리
ingredient	몰약
ingredient	바질
ingredient	박하
ingredient	백리향
ingredient	사프란
ingredient	산초
ingredient	서양박하
ingredient	월계잎
ingredient	육두구
ingredient	정향
ingredient	차조기
ingredient	회향
ingredient	후추
ingredient	쿠민
ingredient	카퍼
ingredient	강황
ingredient	심황
ingredient	소두구
ingredient	호프
ingredient	갈래곰보
ingredient	갈파래
ingredient	곰피
ingredient	꼬시래기
ingredient	다시마
ingredient	돌가사리
ingredient	둥근돌김
ingredient	뜸부기
ingredient	매생이
ingredient	모자반
ingredient	미역
ingredient	불등가사리
ingredient	석묵
ingredient	스피루리나
ingredient	우뭇가사리
ingredient	진두발
ingredient	청각
ingredient	클로렐라
ingredient	파래
ingredient	사탕수수
ingredient	단수수
ingredient	결명자
ingredient	마테
ingredient	쟈스민
ingredient	돌외잎
ingredient	마타리
ingredient	물방기
ingredient	질경이
ingredient	참나리
ingredient	소고기
ingredient	돼지고기
ingredient	양고기
ingredient	염소고기
ingredient	토끼고기
ingredient	말고기
ingredient	사슴고기
ingredient	닭고기
ingredient	꿩고기
ingredient	오리고기
ingredient	거위고기
ingredient	칠면조고기
ingredient	메추리고기
ingredient	우유
ingredient	산양유
ingredient	계란
ingredient	오리알
ingredient	메추리알
ingredient	닭알
ingredient	달걀
ingredient	가물치
ingredient	메기
ingredient	미꾸라지
ingredient	붕어
ingredient	빙어
ingredient	쏘가리
ingredient	잉어
ingredient	참붕어
ingredient	칠성장어
ingredient	향어
ingredient	송어
ingredient	연어
ingredient	은어
ingredient	뱀장어
ingredient	가오리
ingredient	가자미
ingredient	갈치
ingredient	강달이
ingredient	고등어
ingredient	꽁치
ingredient	날치
ingredient	넙치
ingredient	노래미
ingredient	농어
ingredient	다랑어
ingredient	도루묵
ingredient	도미
ingredient	망둥어
ingredient	멸치
ingredient	명태
ingredient	민어
ingredient	박대
ingredient	방어
ingredient	밴댕이
ingredient	뱅어
ingredient	병어
ingredient	복어
ingredient	볼기우럭
ingredient	조피볼락
ingredient	볼락
ingredient	붕장어
ingredient	삼치
ingredient	서대
ingredient	숭어
ingredient	쌍동가리
ingredient	양미리
ingredient	은대구
ingredient	임연수어
ingredient	전갱이
ingredient	전어
ingredient	정어리
ingredient	조기
ingredient	준치
ingredient	쥐치
ingredient	청어
ingredient	홍어
ingredient	심해성어류
ingredient	쏨뱅이류
ingredient	연안성어종
ingredient	금눈돔
ingredient	칠성상어
ingredient	얼룩상어
ingredient	악상어
ingredient	청상아리
ingredient	곱상어
ingredient	귀상어
ingredient	은상어
ingredient	청새리상어
ingredient	흑기흉상어
ingredient	다금바리
ingredient	체장메기
ingredient	블랙오레오도리
ingredient	niger
ingredient	maculatus
ingredient	오렌지라피
ingredient	atlanticus
ingredient	붉평치
ingredient	먹장어
ingredient	흑점샛돔
ingredient	비막치어
ingredient	은민대구
ingredient	한함
ingredient	다랑어류
ingredient	새치류
ingredient	참다랑어
ingredient	남방참다랑어
ingredient	날개다랑어
ingredient	눈다랑어
ingredient	황다랑어
ingredient	돛새치
ingredient	청새치
ingredient	녹새치
ingredient	백새치
ingredient	황새치
ingredient	백다랑어
ingredient	가다랑어
ingredient	점다랑어
ingredient	몽치다래
ingredient	물치다래
ingredient	새우
ingredient	바닷가재
ingredient	가재
ingredient	방게
ingredient	크릴
ingredient	패류
ingredient	홍합
ingredient	꼬막
ingredient	재첩
ingredient	소라
ingredient	고둥
ingredient	대합
ingredient	전복
ingredient	바지락
ingredient	두족류
ingredient	문어
ingredient	오징어
ingredient	낙지
ingredient	갑오징어
ingredient	꼴뚜기
ingredient	주꾸미
ingredient	연체류
ingredient	개불
ingredient	군소
ingredient	해파리
ingredient	성게
ingredient	해삼
ingredient	멍게
ingredient	미더덕
ingredient	주름미더덕
ingredient	식용자라
ingredient	식용개구리
ingredient	식용달팽이
chemical	이민옥타딘
chemical	글루포시네이트
chemical	글리포세이트
chemical	나프로파마이드
chemical	노르풀루라존
chemical	니트라피린
chemical	다미노자이드
chemical	다이아지논
chemical	델타메쓰린
chemical	도딘
chemical	멥틸디노캡
chemical	디디티
chemical	디메치핀
chemical	디메토에이트
chemical	디설포톤
chemical	디우론
chemical	디메칠디치오카바메이트
chemical	디캄바
chemical	디코폴
chemical	디쿼트
chemical	디크로보스
chemical	디크로프루아니드
chemical	디클로란
chemical	디클로베닐
chemical	디클로포프-메칠
chemical	디페노코나졸
chemical	디페닐아민
chemical	디펜아미드
chemical	디프루벤주론
chemical	리누론
chemical	마이클로부타닐
chemical	말라치온
chemical	말레익하이드라자이드
chemical	메빈포스
chemical	메소밀
chemical	메치오카브
chemical	메카밤
chemical	메타락실
chemical	메타미도포스
chemical	메토라클로르
chemical	메토브로무론
chemical	메토프렌
chemical	메톡시클로르
chemical	메트리부진
chemical	메티다치온
chemical	메틸브로마이드
chemical	모노크로토포스
chemical	바미도티온
chemical	바이오레스메스린
chemical	베나락실
chemical	베노밀
chemical	벤디오카브
chemical	벤설프론-메칠
chemical	벤타존
chemical	부프로페진
chemical	브로마실
chemical	브로모프로필레이트
chemical	비 에치 씨
chemical	비터타놀
chemical	비페녹스
chemical	비펜스린
chemical	빈클로졸린
chemical	세톡시딤
chemical	시마진
chemical	싸이로마진
chemical	싸이퍼메쓰린
chemical	싸이플루쓰린
chemical	싸이할로쓰린
chemical	싸이헥사틴
chemical	아닐라진
chemical	아미트라즈
chemical	아세토클로르
chemical	아세페이트
chemical	아조싸이클로틴
chemical	아진포스-메틸
chemical	알드린 및 디엘드린
chemical	알디카브
chemical	알라클로르
chemical	알루미늄포스파이드
chemical	에디펜포스
chemical	에세폰
chemical	에치오펜카브
chemical	에치온
chemical	에탈풀루라린
chemical	에토펜프록스
chemical	에토프로포스
chemical	에톡시퀸
chemical	에트림포스
chemical	에틸렌디브로마이드
chemical	엔도설판
chemical	엔드린
chemical	엠씨피비
chemical	오메토에이트
chemical	옥사디아존
chemical	옥사딕실
chemical	옥사밀
chemical	옥시풀루오르펜
chemical	올쏘-페닐페놀
chemical	이마자릴
chemical	이미다크로프리드
chemical	이산화황
chemical	이소펜포스
chemical	이소프로카브
chemical	이프로디온
chemical	이피엔
chemical	치노메치오네이트
chemical	치오메톤
chemical	치오파네이트-메틸
chemical	카두사포스
chemical	카바릴
chemical	카벤다짐
chemical	카보페노치온
chemical	카보후란
chemical	카복신
chemical	칼탑
chemical	캡타폴
chemical	캡탄
chemical	퀴자로포프-에틸
chemical	퀸토젠
chemical	크레소딤
chemical	크로마존
chemical	크로펜테진
chemical	클로로벤질레이트
chemical	클로로타로닐
chemical	클로르단
chemical	클로르메쿼트
chemical	클로르설프론
chemical	클로르펜빈포스
chemical	클로르프로팜
chemical	클로르피리포스
chemical	클로르피리포스-메틸
chemical	터부코나졸
chemical	터부트린
chemical	터브포스
chemical	테크나젠
chemical	테트라디폰
chemical	토릴플루아니드
chemical	톨크로포스-메칠
chemical	트라로메스린
chemical	트리아디메놀
chemical	트리아디메폰
chemical	트리아조포스
chemical	트리알레이트
chemical	트리클로폰
chemical	트리클로피르
chemical	트리포린
chemical	트리풀루라린
chemical	트리프루미졸
chemical	티아벤다졸
chemical	티오디카브
chemical	티오벤카브
chemical	파라치온
chemical	파라쿼트
chemical	파라티온-메틸
chemical	파클로부트라졸
chemical	퍼메쓰린
chemical	페나리몰
chemical	페나미포스
chemical	페노트린
chemical	페녹사프로프-에칠
chemical	페니트로치온
chemical	펜디메타린
chemical	펜발러레이트
chemical	펜부코나졸
chemical	펜부타틴 옥사이드
chemical	펜설포티온
chemical	펜치온
chemical	펜코나졸
chemical	펜토에이트
chemical	펜프로파스린
chemical	펜틴
chemical	포레이트
chemical	포모치온
chemical	포사론
chemical	포스메트
chemical	포스파미돈
chemical	폭심
chemical	폴펫
chemical	푸루실라졸
chemical	푸르발리네이트
chemical	푸르시트리네이트
chemical	풀루아지호프-부틸
chemical	프로메트린
chemical	프로시미돈
chemical	프로클로라즈
chemical	프로파닐
chemical	프로파모카브
chemical	프로파자이트
chemical	프로페노포스
chemical	프로폭서
chemical	프로피코나졸
chemical	피라조포스
chemical	피레쓰린
chemical	피리미카브
chemical	피리미포스-메틸
chemical	피리미포스-에틸
chemical	피페로닐부톡사이드
chemical	헥사지논
chemical	헥사코나졸
chemical	헥시치아족스
chemical	헵타크로
chemical	벤푸라카브
chemical	이소프로치오란
chemical	이프로벤포스
chemical	클로르훼나피르
chemical	테부페노자이드
chemical	테부펜피라드
chemical	테프루벤주론
chemical	페나자퀸
chemical	프로치오포스
chemical	플루페녹수론
chemical	피라크로포스
chemical	피리다벤
chemical	피프로닐
chemical	훼노부카브
chemical	디메칠빈포스
chemical	디메토모르프
chemical	디아펜치우론
chemical	디에토펜카브
chemical	디치아논
chemical	메파니피림
chemical	벤설탑
chemical	싸이목사닐
chemical	싸이프로디닐
chemical	싸이프로코나졸
chemical	아세타미프리드
chemical	아족시스트로빈
chemical	카프로파마이드
chemical	크레속심-메칠
chemical	클로르플루아주론
chemical	트리싸이클라졸
chemical	펜시쿠론
chemical	펜피록시메이트
chemical	포스치아제이트
chemical	피리프록시펜
chemical	피메트로진
chemical	후루디옥소닐
chemical	후루아지남
chemical	훼녹시카브
chemical	누아리몰
chemical	루페누론
chemical	메타벤즈티아주론
chemical	메프로닐
chemical	벤퓨러세이트
chemical	스피노사드
chemical	실라프루오펜
chemical	아바멕틴
chemical	에마멕틴 벤조에이트
chemical	에스프로카브
chemical	에톡사졸
chemical	오리자린
chemical	이미벤코나졸
chemical	카보설판
chemical	파목사돈
chemical	플루오로이미드
chemical	플루퀸코나졸
chemical	피리다펜치온
chemical	피리메타닐
chemical	할펜프록스
chemical	할록시포프
chemical	헥사프루무론
chemical	훼노치오카브
chemical	다이므론
chemical	디메텐아미드
chemical	디치오피르
chemical	디클로르프로프
chemical	디메타메트린
chemical	메톨카브
chemical	메페나셑
chemical	메피쿼트 클로라이드
chemical	몰리네이트
chemical	밀베멕틴
chemical	벤족시메이트
chemical	부타클로르
chemical	비스피리박-소디움
chemical	싸이클로설파무론
chemical	싸이클로프로스린
chemical	싸이할로포프-부틸
chemical	씨노설푸론
chemical	씨메트린
chemical	아닐로포스
chemical	아시벤졸라-에스-메칠
chemical	아짐설푸론
chemical	아크리나쓰린
chemical	에트리디아졸
chemical	이나벤화이드
chemical	이마조설푸론
chemical	이사조포스
chemical	인독사카브
chemical	족사마이드
chemical	퀸크로락
chemical	클로로페녹시아세테이트
chemical	터부틸라진
chemical	테닐클로르
chemical	테클로프탈람
chemical	테트라코나졸
chemical	티아조피르
chemical	티프루자마이드
chemical	펜톡사존
chemical	펜헥사미드
chemical	포세틸-알루미늄
chemical	포클로르페누론
chemical	프로베나졸
chemical	프로파퀴자포프
chemical	프리틸라클로르
chemical	프탈리드
chemical	플루설파마이드
chemical	플루토라닐
chemical	플루페나셑
chemical	피라조설푸론-에칠
chemical	피라족시펜
chemical	피로퀼론
chemical	피리미노박-메칠
chemical	피리미디펜
chemical	피리부티카브
chemical	하이멕사졸
chemical	할로설푸론-메칠
chemical	니코설푸론
chemical	다조멭
chemical	디노테푸란
chemical	디메피퍼레이트
chemical	보스칼리드
chemical	비페나제이트
chemical	시아조파미드
chemical	아세퀴노실
chemical	오리사스트로빈
chemical	에톡시설푸론
chemical	옥사지크로메폰
chemical	인다노판
chemical	카펜트라존-에칠
chemical	크로치아니딘
chemical	테부피림포스
chemical	트리넥사팍-에칠
chemical	트리프록시스트로빈
chemical	티디아주론
chemical	티아메톡삼
chemical	티아클로프리드
chemical	티오싸이크람
chemical	페녹사닐
chemical	펜트라자마이드
chemical	플루미옥사진
chemical	플러옥시피르
chemical	피라졸레이트
chemical	피라크로스트로빈
chemical	피라플루펜-에칠
chemical	피리프탈리드
chemical	나밤
chemical	노발루론
chemical	마네브
chemical	만코제브
chemical	메톡시페노자이드
chemical	메트코나졸
chemical	메티람
chemical	스피로디크로펜
chemical	에타복삼
chemical	에틸렌비스디치오카바메이트
chemical	이프로발리카브
chemical	지네브
chemical	지람
chemical	테플루스린
chemical	트리아자메이트
chemical	티람
chemical	티아디닐
chemical	페나미돈
chemical	퍼밤
chemical	푸라치오카브
chemical	프로피네브
chemical	프로피소클로르
chemical	벤티아발리카브아이소프로필
chemical	디니코나졸
chemical	메코프로프-피
chemical	스피로메시펜
chemical	알라니카브
chemical	오푸레이스
chemical	트리풀루무론
chemical	치펜설푸론-메칠
chemical	페림존
chemical	풀루아크리피림
chemical	피리다릴
chemical	벤질 아미노퓨린
chemical	벤조비사이클론
chemical	카펜스트롤
chemical	사이플루페나미드
chemical	펜클로림
chemical	플로니카미드
chemical	플루세토설퓨론
chemical	시안화 수소
chemical	페녹슐람
chemical	시메코나졸
chemical	만디프로파미드
chemical	메소트리온
chemical	메트알데히드
chemical	비스트리플루론
chemical	플루오피콜라이드
chemical	에티클로제이트
chemical	옥사디아길
chemical	퀴날포스
chemical	사이플루메토펜
chemical	피리벤족심
chemical	디비이디시
chemical	메타미포프
chemical	메타플루미존
chemical	메트라페논
chemical	사이에노피라펜
chemical	브로모뷰타이드
chemical	이소티아닐
chemical	스피네토람
chemical	아미설브롬
chemical	옥솔린산
chemical	오르토설파뮤론
chemical	엠시피에이
chemical	퀴노클라민
chemical	퀸메락
chemical	크로마페노자이드
chemical	클로란트라닐리프롤
chemical	플루벤디아마이드
chemical	피페로포스
chemical	프로헥사디온-칼슘
chemical	린단
chemical	레피멕틴
chemical	펜티오피라드
chemical	피콕시스트로빈
chemical	피리플루퀴나존
chemical	피리미설판
chemical	아메톡트라딘
chemical	이미시아포스
chemical	플루오피람
chemical	메타조설푸론
chemical	설폭사플로르
chemical	이소피라잠
bio	요오드
bio	세슘
bio	플루토늄
bio	스트론튬
bio	방사능
bio	방사선
bio	피폭
bio	후쿠시마
germy	대장균
germy	장염비브리오균
germy	황색포도상구균
germy	살모넬라
germy	바실러스 세레우스
germy	리스테리아 모노사이토제네스
germy	클로스트리디움 퍼프린젠스
germy	여시니아 엔테로콜리티카
germy	캠필로박터 제주니
germy	사카자키
germy	쉬겔라
germy	브루셀라
germy	결핵균
germy	탄저균
germy	노로바이러스
germy	람블편모충
germy	원포자충
germy	작은와포자충
germy	이질아메바
germy	쿠도아
city	서울특별시
city	부산광역시
city	인천광역시
city	대구광역시
city	대전광역시
city	광주광역시
city	수원시
city	울산광역시
city	창원시
city	고양시
city	용인시
city	성남시
city	부천시
city	청주시
city	안산시
city	전주시
city	천안시
city	남양주시
city	화성시
city	안양시
city	김해시
city	포항시
city	평택시
city	제주시
city	시흥시
city	의정부시
city	구미시
city	파주시
city	김포시
city	진주시
city	광명시
city	원주시
city	아산시
city	광주시
city	익산시
city	양산시
city	군포시
city	춘천시
city	경산시
city	군산시
city	여수시
city	순천시
city	경주시
city	거제시
city	목포시
city	강릉시
city	오산시
city	충주시
city	이천시
city	양주시
city	세종특별자치시
city	안성시
city	구리시
city	서산시
city	안동시
city	당진시
city	포천
city	의왕시
city	하남시
city	서귀포시
city	광양시
city	김천시
city	통영시
city	제천시
city	논산시
city	공주시
city	사천시
city	정읍시
city	여주시
city	영주시
city	밀양시
city	보령시
city	상주시
city	영천시
city	동두천시
city	나주시
city	동해시
city	김제시
city	남원시
city	속초시
city	문경시
city	삼척시
city	과천시
city	태백시
city	계룡시
food	과자
food	쿠키
food	빵
food	케익
food	수프
food	튀김
food	찜
food	구이
food	전골
food	떡
food	찜
food	찌개
food	무침
food	초밥
food	국수
food	깡
food	수육
food	볶음
food	조림
food	김치
food	쌈
food	나물
